<?xml version="1.0" encoding="UTF-8"?>
<recipe>
  <title>Brownies con nueces</title>
  <img>img/brownies.jpg</img>
  <recipeinfo>
	<blurb></blurb>
    <genre>Postre</genre>

    <author>Ana Guerra</author>

    <yield>8-10 personas</yield>

    <preptime>10 minutos</preptime>	
  </recipeinfo>

  <ingredientlist>
	  
    <ingredient><quantity>200</quantity> <unit>g</unit> <fooditem>chocolate negro</fooditem></ingredient>
    <ingredient><quantity>100</quantity> <unit>g</unit> <fooditem>azucar</fooditem></ingredient>
    <ingredient><quantity>100</quantity> <unit>g</unit> <fooditem>mantequilla</fooditem></ingredient>   
    <ingredient><quantity>75</quantity> <unit>g</unit> <fooditem>harina</fooditem></ingredient>
    <ingredient><quantity>75</quantity> <unit>g</unit> <fooditem>nueces</fooditem></ingredient>
    <ingredient><quantity>3</quantity> <fooditem>huevos</fooditem></ingredient>
    <ingredient><quantity>1</quantity> <unit>cucharada</unit> <fooditem>levadura en polvo</fooditem></ingredient>
    
  </ingredientlist>

  <preparation>Fundir el chocolate troceado con la mantequilla. Añadir el azúcar, los huevos batidos
  y las nueces picadas, mezclarlo bien e incorporar la harina y la levadura pasadas por un tamiz.
  Verterlo en un molde cuadrado, untado con mantequilla, y cocerlo a horno medio (180ºC), 
  previamente calentado, durante unos 25 minutos.</preparation>

  <serving>Desmoldearlo y servirlo cortado en cuadraditos.</serving>
</recipe>
