<?xml version="1.0" encoding="UTF-8"?>
<recipe>
  <title>Cassoulet</title>
  <img>img/cassoulet.png</img>
  <recipeinfo>
    <genre>Sopa</genre>
    <author>Kevin Rodriguez</author>
    <yield>8 servings</yield>
    <preptime>Two hour</preptime>
  </recipeinfo>

  <ingredientlist>
    <ingredient><quantity>300</quantity> <unit>g</unit>
    <fooditem>Alubias Blancas</fooditem></ingredient>

    <ingredient><quantity>4</quantity> <fooditem>Confits de pato</fooditem>
    </ingredient>

    <ingredient><quantity>700</quantity> <unit>g</unit>
    <fooditem>Costillas de cerdo</fooditem></ingredient>

    <ingredient><quantity>1,5</quantity> <unit>L</unit>
    <fooditem>Caldo de pollo</fooditem></ingredient>

    <ingredient><quantity>1</quantity> <fooditem>Carcasa de pollo campero</fooditem></ingredient>

    <ingredient><quantity>2</quantity> <unit>huesos</unit>
    <fooditem>Jamon serrano</fooditem></ingredient>

    <ingredient><quantity>4</quantity> <unit>unidades</unit>
    <fooditem>Zanahoria</fooditem></ingredient>

    <ingredient><quantity>2</quantity> <unit>piezas</unit> <fooditem>Puerros</fooditem></ingredient>

    <ingredient><fooditem>Sal</fooditem>Sin pasarse</ingredient>
  </ingredientlist>

  <preparation>Lo primero que tenemos que hacer es cocer 500 g de alubias en una olla con agua fría hasta que empiecen a hervir y las retiramos. Seguidamente, preparamos el caldo con una carcasa de pollo, huesos de cerdo, una cebolla, dos zanahorias, un puerro, sal y pimienta. Añadimos una ramita de tomillo y una hoja de laurel. Dejamos cocer durante 30 minutos.
 Incorporamos las alubias y dejamos cocer durante 45 minutos más. Mientras, preparamos las carnes. Para ello, en una sartén grande calentamos 2 muslos de pato confitado. Retiramos. En la misma sartén rehogamos 500 g de salchicha fresca tipo Toulouse y la reservamos. Rehogamos también un codillo de cerdo, 250 de tocino y 200 g de panceta. Reservamos.
Cuando las alubias estén cocidas, las retiramos del caldo y reservamos el caldo en la cazuela. En una cazuela de barro grande, montamos nuestro plato. Ponemos primero las lonchas de tocino en el fondo, incorporamos un tercio de las alubias, disponemos el resto de carnes y tapamos con todas las alubias. Las salchichas deben sobresalir un poco de las alubias.
Vertemos el caldo filtrado y ponemos la cazuela en el horno a 150ºC durante 35 minutos. El cassoulet tiene que presentarse con una costra de color marrón una vez terminado.
Pasado el tiempo de horneo, retiramos.
Servimos muy caliente.
</preparation>

  <serving>Vino Tinto</serving>

  
</recipe>