<?xml version="1.0" encoding="UTF-8"?>
<!DOCTYPE recipe PUBLIC "-//Happy-Monkey//DTD RecipeBook//EN" "http://www.happy-monkey.net/recipebook/recipebook.dtd">
<recipe>
  <title>Melocoton con vino</title>
  <img>img/melocoton_vino.jpg</img>
  <recipeinfo>
    <blurb>Postre tradicional de Aragón</blurb>
    <genre>Postre</genre>
    <author>Ana</author>
    <yield> 4 Personas </yield>
    <preptime> 10 minutos </preptime>
  </recipeinfo>

  <ingredientlist>
    <ingredient>
      <quantity>4</quantity> 
      <unit>unidades</unit>
      <fooditem>de melocotón</fooditem>
    </ingredient>
    <ingredient>
      <quantity>1/2</quantity> 
      <unit>litro</unit>
      <fooditem>de vino</fooditem>
    </ingredient>
    <ingredient>
      <quantity>150</quantity> 
      <unit>gramos</unit>
      <fooditem>de azúcar</fooditem>
    </ingredient>
    <ingredient>
      <quantity>2</quantity> 
      <unit>ramitas</unit>
      <fooditem>de canela</fooditem>
    </ingredient>
    <ingredient>
      <quantity>1</quantity> 
      <unit>corteza</unit>
      <fooditem>de limon</fooditem>
    </ingredient>
  </ingredientlist>

  <preparation>
   Pelamos los melocotones y los troceamos.En un bol hondo, preferiblemente de barro, añadimos el vino junto con el azúcar, la canela y la corteza de un limón. Batimos con una cuchara para mezclar bien los ingredientes.Añadimos los melocotones troceados, lo cubrimos con papel de film y dejaremos macerar durante al menos unas 8 horas o desde la noche anterior.
  </preparation>

</recipe>