<?xml version="1.0" encoding="UTF-8"?>
<!DOCTYPE recipe PUBLIC "-//Happy-Monkey//DTD RecipeBook//EN"
"http://www.happy-monkey.net/recipebook/recipebook.dtd">
<recipe>
  <title>Feijoada</title>
  <img>img/feijoada.png</img>
  <recipeinfo>
    <genre>Soup</genre>

    <author>Kevin Rodriguez</author>

    <yield>10 servings</yield>

    <preptime>Three Hours</preptime>
  </recipeinfo>

  <ingredientlist>
    <ingredient><quantity>500</quantity> <unit>g</unit> <fooditem>Frijoles</fooditem></ingredient>

    <ingredient><quantity>125</quantity><unit>g</unit><fooditem>Chorizo Criollo</fooditem>,
    diced</ingredient>

    <ingredient><quantity>125</quantity> <unit>g</unit>
    <fooditem>Lomo de cerdo</fooditem></ingredient>

    <ingredient><quantity>100</quantity> <unit>g</unit>
    <fooditem>Panceta</fooditem></ingredient>

    <ingredient><quantity>150</quantity> <fooditem>costilla de cerdo</fooditem>,
    </ingredient>

    <ingredient><quantity>3</quantity> <fooditem>plum (roma)
    tomatoes</fooditem>, diced</ingredient>

    <ingredient><quantity>1</quantity> <unit>lb.</unit> <fooditem>cooked ham
    scraps</fooditem>, chopped</ingredient>

    <ingredient><quantity>1</quantity> <unit>Pieza</unit>
    <fooditem>Diente de ajo</fooditem></ingredient>

    <ingredient><quantity>0.5</quantity> <fooditem>Cebolla</fooditem></ingredient>

    
  </ingredientlist>

  <preparation>Antes de comenzar ponemos los frijoles en remojo de agua fría durante 12 horas.

Arrancamos con las carnes, que tenemos que pasar por la sartén, a fuego medio, con una pizca de aceite. A las costillas de cerdo les retiramos el hueso y las sellamos. Después cortamos el lomo de cerdo en dados y hacemos la misma operación. Por último, a fuego lento, cocemos el chorizo criollo procurando que no se queme.

Cortamos las costillas de cerdo en tiras y el chorizo criollo en lonchas de un centímetro de grosor aproximadamente. También cortamos la panceta en dados, después de retirar y desechar la corteza. Reservamos todas las carnes para su uso posterior.

A continuación preparamos un sofrito con las verduras. Pelamos y cortamos el ajo, la cebolla, el pimiento rojo, el pimiento verde y el tomate en dados finos. Calentamos un poco de aceite de oliva virgen extra en una sartén, agregamos las verduras picadas y las pochamos a fuego suave durante 10 minutos. Reservamos.
Escurrimos los frijoles del agua de remojo y los lavamos bajo un chorro de agua fría. Los colocamos en una cacerola y los cubrimos con abundante agua, tres centímetros por encima del nivel de los frijoles. Llevamos a ebullición y dejamos cocer a fuego suave durante 20 minutos, retirando siempre las impurezas.</preparation>
 <serving>Sirve con buen arroz y acompañado de cervez</serving>
</recipe>