<?xml version="1.0" encoding="UTF-8"?>
<!DOCTYPE recipe PUBLIC "-//Happy-Monkey//DTD RecipeBook//EN"
"http://www.happy-monkey.net/recipebook/recipebook.dtd">
<recipe>
  <title>Llenties</title>
    <img>img/llenties.png</img>
  <recipeinfo>
    <blurb>Facil i brutal</blurb>
    <genre>Arròs</genre>
    <author>Sergi Frances</author>
    <yield>2 persones</yield>
    <preptime>30 minuts</preptime>
  </recipeinfo>
  <ingredientlist>
    <ingredient>
      <quantity>6</quantity>
      <unit>grapats</unit>
      <fooditem>arròs bomba</fooditem>
    </ingredient>
    <ingredient>
      <quantity>6</quantity>
      <unit>unitats</unit>
      <fooditem>salsitxa fresca</fooditem>
    </ingredient>
    <ingredient>
      <quantity>1</quantity>
      <unit>unitat</unit>
      <fooditem>all</fooditem>
    </ingredient>
    <ingredient>
      <quantity>2</quantity>
      <unit>culleres</unit>
      <fooditem>oli</fooditem>
    </ingredient>
    <ingredient>
      <quantity>1/2</quantity>
      <unit>cullera</unit>
      <fooditem>sal</fooditem>
    </ingredient>
    <ingredient>
      <quantity>4</quantity>
      <unit>unitats</unit>
      <fooditem>ous</fooditem>
    </ingredient>
  </ingredientlist>
  <preparation>Cassola i paella. Bullir l'arròs 8 minuts. Fregir els ous. Fregir les salsitxes. Fregir l'arròs amb l'all.</preparation>
  <serving>Ficar l'arròs a un bol petit i fer la forma al plat.</serving>
  <notes>Es pot afegir pastanaga i patata</notes>
</recipe>